{"train_loss": [1.908962531523271, 1.5023008584976196, 1.385062954642556, 1.3120504075830632, 1.1978573907505383, 1.0954832597212358, 1.0259342085231433, 0.9633096023039385, 0.8950632051988081, 0.8424504616043784, 0.7786159352822737, 0.7442990378900007, 0.7171628150072965, 0.6921800916845148, 0.6488236893307079, 0.6290501464496959, 0.5950011773542925, 0.5829111337661743, 0.5685062841935591, 0.5495427088303999, 0.5382467616688121, 0.5324952277270231, 0.5236924995075573, 0.5174910209395669, 0.5160553346980702, 0.5214127816937186, 0.5094878781925548, 0.5080865296450529, 0.5108842172405936, 0.5049541755156084], "val_loss": [2.101441224416097, 3.010637044906616, 2.620144764582316, 1.8980326652526855, 1.1778534650802612, 1.046719491481781, 1.1661192178726196, 1.4658578634262085, 0.8950505057970682, 0.732816239198049, 0.7099143862724304, 0.6114930907885233, 0.6148136854171753, 0.5862156351407369, 0.5145090321699778, 0.5549083550771078, 0.46927863359451294, 0.4652202328046163, 0.4463081359863281, 0.41874419649442035, 0.4644920229911804, 0.4132845898469289, 0.40515779455502826, 0.3978571395079295, 0.39549971620241803, 0.38340895374615985, 0.3824101388454437, 0.3812321623166402, 0.3854583104451497, 0.3867225448290507], "val_miou": [0.018072193287037037, 0.04938051485122172, 0.04814160297944664, 0.07845595353855853, 0.17041271156181184, 0.24287851505894473, 0.2416229336692775, 0.16771492543628228, 0.34199768386220564, 0.4265457127582716, 0.40598544484727217, 0.44178499486391015, 0.4584792228644925, 0.47925675498550047, 0.5071073582037096, 0.4898909335740966, 0.5267708037405284, 0.5224368282896569, 0.5219174973836598, 0.5635116563022745, 0.5309918526055788, 0.5649038611669881, 0.5726692058082324, 0.5755587846944632, 0.5788591491806245, 0.5862041193465293, 0.5827801688072216, 0.5864506657274314, 0.5843170528746702, 0.580878053033708]}