{"OA": 0.8490755208333334, "mIoU": 0.583521155384867, "IoU_per_class": [0.9388673072991208, 0.0, 0.8555688362490492, 0.5321561338289963, 0.7715959338104572, 0.68863361547763, 0.7217925551138417, 0.5229719086374377, 0.22010410804727068], "F1": 0.6842179778142536, "CM": [[22960, 0, 337, 0, 0, 17, 0, 0, 0], [0, 0, 238, 0, 0, 391, 392, 0, 0], [1140, 0, 39369, 0, 14, 260, 1387, 0, 0], [0, 0, 0, 5726, 0, 0, 0, 0, 793], [0, 0, 63, 195, 33853, 0, 1094, 271, 1056], [1, 0, 339, 0, 0, 3417, 294, 0, 0], [0, 0, 2865, 0, 1119, 232, 19972, 3, 0], [0, 0, 0, 0, 1402, 11, 30, 1992, 1], [0, 0, 3, 4046, 4807, 0, 282, 99, 3129]]}