{"train_loss": [1.9775820970535278, 1.6584160978143865, 1.50473276051608, 1.4245530800385908, 1.3798515579917214, 1.353090297092091, 1.3130267099900679, 1.2962425513701006, 1.275709412314675, 1.2480423775586216, 1.242780555378307, 1.231575456532565, 1.2096994139931418, 1.2166015343232588, 1.2237074375152588, 1.15688017281619, 1.1683386889371006, 1.14906907081604, 1.138858144933527, 1.0863571708852595, 1.0323916511102156, 0.9577504288066517, 0.8922382430596785, 0.8595707687464628, 0.9337122494524176, 0.8250771490010348, 0.828390663320368, 0.8013328530571677, 0.7998881990259344, 0.7911739349365234], "val_loss": [1.9317036867141724, 1.730244557062785, 1.5636125008265178, 1.445816953976949, 1.367356300354004, 1.346638560295105, 1.3217708269755046, 1.3144134680430095, 1.24974528948466, 1.2604997158050537, 1.2888371149698894, 1.2169601917266846, 1.2295909722646077, 1.2444953123728435, 1.1752744913101196, 1.136175235112508, 1.1096827586491902, 1.2072829405466716, 1.0803503195444744, 1.1682207187016804, 0.9428023099899292, 0.9160201152165731, 0.8274154265721639, 0.7962374289830526, 0.8048415581385294, 0.7738909920056661, 0.7863184611002604, 0.760684092839559, 0.7451377312342325, 0.7518932620684305], "val_miou": [0.027609953703703706, 0.08157207675257522, 0.10621122307619221, 0.13155841426493314, 0.13950343780161034, 0.14930833771251337, 0.15333297744744423, 0.1651426828903103, 0.16660692932900817, 0.17956355341969837, 0.17506244520724812, 0.1984876024920358, 0.19117892426054123, 0.17052279426114977, 0.20674792319406451, 0.23026409228229017, 0.2368344937437887, 0.2288236444896701, 0.24727323266802592, 0.23754939184580282, 0.31375417895591523, 0.30485772241630343, 0.3342450756626174, 0.35013295809062434, 0.3480697500679347, 0.35340469967515725, 0.3526773129252403, 0.36866930350520893, 0.367621584867158, 0.3649545041982453]}