{"OA": 0.71787109375, "mIoU": 0.3636519927829322, "IoU_per_class": [0.7947119518486673, 0.0, 0.5866330610116461, 0.5382793151717454, 0.621296392019022, 0.0, 0.5255836419256158, 0.0, 0.20636357306969297], "F1": 0.45805563743312827, "CM": [[22182, 0, 225, 159, 853, 0, 0, 0, 0], [0, 0, 1058, 0, 19, 0, 0, 0, 0], [1165, 0, 33749, 0, 2163, 0, 4808, 0, 0], [643, 0, 0, 4999, 6, 0, 0, 0, 810], [1308, 0, 2506, 14, 30049, 0, 1669, 0, 1257], [0, 0, 3716, 0, 275, 0, 0, 0, 0], [0, 0, 7351, 0, 643, 0, 16322, 0, 0], [0, 0, 429, 0, 2919, 0, 7, 0, 0], [1377, 0, 360, 2656, 4684, 0, 255, 0, 2964]]}