{"train_loss": [1.9729891256852583, 1.6523312438618054, 1.5384627363898538, 1.471118775281039, 1.4205344698645852, 1.3715021285143765, 1.3202520283785733, 1.2783133766867898, 1.2302590825340964, 1.201147577979348, 1.167776801369407, 1.134323391047391, 1.1002816503698176, 1.081620368090543, 1.0442828048359265, 1.025334520773454, 1.00020878423344, 0.9847940585829995, 0.9606158841740001, 0.940628322688016, 0.9385568337007002, 0.9171219684860923, 0.8942578380758112, 0.8840235309167341, 0.8696070313453674, 0.8738075928254561, 0.8740751201456244, 0.8613969033414667, 0.8564565290104259, 0.8645593144676902], "val_loss": [2.10782257715861, 4.642669200897217, 8.901859283447266, 13.718016942342123, 9.143261591593424, 4.644807895024617, 2.497899611790975, 1.6902997891108196, 1.3585357268651326, 1.3336024681727092, 1.3027323484420776, 1.42617928981781, 1.6290547053019206, 1.8487070004145305, 1.396546483039856, 1.4899784326553345, 1.6029835939407349, 1.438551942507426, 1.3565727869669597, 1.7537849346796672, 1.447164495786031, 1.5221275488535564, 1.6471296946207683, 1.7954391241073608, 1.6439435879389446, 1.5584330956141155, 1.6411464214324951, 1.670148253440857, 1.5936020612716675, 1.5852739810943604], "val_miou": [0.027668194053251403, 0.01799117476851852, 0.017900028935185185, 0.01796802662037037, 0.018036747685185185, 0.028894675458051657, 0.06899371270988938, 0.1343649638395775, 0.17879209917470432, 0.1934598844166698, 0.21971888058484856, 0.18868388927696136, 0.17358079102163979, 0.12747010747051812, 0.21875165264040247, 0.20529805835964676, 0.19013378597758532, 0.21802889898508537, 0.22810076295530798, 0.168974474929659, 0.20255919282482582, 0.22450679297339604, 0.1894670563197895, 0.173509551194654, 0.17964290435732633, 0.19948991048725856, 0.19628527557113923, 0.1776643444681243, 0.196041875608722, 0.20070053698366436]}