{"OA": 0.5231510416666667, "mIoU": 0.24114270977385743, "IoU_per_class": [0.4319495407343454, 0.0, 0.3714268687550903, 0.042048355608950296, 0.39615439730078295, 0.263418840267299, 0.32994127730969836, 0.20270621909966172, 0.1326388888888889], "F1": 0.3641808989334191, "CM": [[18011, 0, 322, 0, 4418, 6, 17, 1, 341], [74, 0, 110, 2, 143, 161, 552, 5, 38], [1797, 0, 18698, 0, 20296, 64, 871, 188, 234], [5911, 0, 2, 280, 239, 0, 0, 0, 60], [3627, 0, 2241, 3, 30410, 4, 181, 26, 87], [441, 0, 380, 18, 408, 1222, 1179, 34, 276], [502, 0, 3979, 65, 9600, 444, 9046, 145, 724], [22, 0, 680, 0, 1559, 0, 37, 779, 335], [6207, 0, 479, 79, 3521, 2, 75, 32, 1910]]}